atlas_id,name,domain,country,registry_scheme,hubspot_company_id,associated_contacts,registry_entity_id,grade,basis,resolved_by,notes
the-yurconic-agency,The Yurconic Agency,yurconic.com,United States,us-doi-licence,55207832972,9,,,,,
trmg-the-risk-management,"TRMG | The Risk Management Group, Inc.",trmg.net,United States,us-doi-licence,55208443177,7,,,,,
ambridge-ambridge-partners,Ambridge Group / Ambridge Partners LLC,ambridge-group.com,United States,us-doi-licence,55226530847,5,,,,,
ifc-national-marketing,IFC National Marketing,ifcnationalmarketing.com,United States,us-doi-licence,55214764147,5,,,,,
liberty-mutual-insurance,Liberty Mutual Insurance,libertymutual.com,United States,us-doi-licence,33120315150,3,,,,,
manulife,Manulife,manulife.com,Canada,ca-corp-number,31665565033,3,,,,,
canngen-insurance-services,CannGen Insurance Services,canngenins.com,United States,us-doi-licence,31727490078,2,,,,,
dtric-insurance,DTRIC Insurance,dtric.com,United States,us-doi-licence,31713031767,2,,,,,
etiqa-insurance-singapore,Etiqa Insurance Singapore,etiqa.com.sg,Singapore,UNKNOWN,31725635630,2,,,,,
insur-fi,Insur-Fi,insur-fi.com,United States,us-doi-licence,31727952195,2,,,,,
ngl-insurance,NGL Insurance,nglic.com,United States,us-doi-licence,31726097707,2,,,,,
sterling-insurance-brokers,Sterling Insurance Brokers,sterlingibl.com,Canada,ca-corp-number,31658404459,2,,,,,
agicins-com,agicins.com,agicins.com,United States,us-doi-licence,31707473795,1,,,,,
amica-mutual-insurance,Amica Mutual Insurance,amica.com,United States,us-doi-licence,33132261384,1,,,,,
ando,Ando,ando.co.nz,New Zealand,UNKNOWN,31706391115,1,,,,,
apollo-insurance-solutions-apollo-insurance-agency,APOLLO Insurance Solutions Ltd. / APOLLO Insurance Agency,apollocover.com,Canada,ca-corp-number,55228137590,1,,,,,
arabia-falcon-insurance,Arabia Falcon Insurance Company,afic.om,Oman,UNKNOWN,31727644801,1,,,,,
asp-benefits,ASP Benefits,asp-benefits.com,United States,us-doi-licence,31720421761,1,,,,,
associated-specialty-insurance-agency,Associated Specialty Insurance Agency,asiaworkerscomp.com,United States,us-doi-licence,31717070615,1,,,,,
assuredpartners,AssuredPartners,assuredpartners.com,United States,us-doi-licence,33113764945,1,,,,,
bamboo,Bamboo,bambooinsurance.com,United States,us-doi-licence,31710672666,1,,,,,
barton-mutual,Barton Mutual,bartonmutualgroup.com,United States,us-doi-licence,31715210533,1,,,,,
blue-zebra-insurance,Blue Zebra Insurance,bzi.com.au,Australia,UNKNOWN,31700177808,1,,,,,
boxx-insurance,Boxx Insurance,cyberboxx.ca,Canada,ca-corp-number,55560376403,1,,,,,
canada-life,Canada Life,gwl.ca,Canada,ca-corp-number,31654466987,1,,,,,
canada-life-reinsurance,Canada Life Reinsurance,canadalifere.com,United States,us-doi-licence,31725941668,1,,,,,
canadian-claims-services,Canadian Claims Services,canclaims.com,Canada,ca-corp-number,31666793986,1,,,,,
cayuga-mutual-insurance,Cayuga Mutual Insurance,cayugamutual.com,Canada,ca-corp-number,31701327476,1,,,,,
ccc-auto-insurance,CCC Auto Insurance,cccinsurance.com,United States,us-doi-licence,31715521860,1,,,,,
continental-general,Continental General,cgic.com,United States,us-doi-licence,31726097706,1,,,,,
couch-braunsdorf-insurance,Couch Braunsdorf Insurance,couchbraunsdorf.com,United States,us-doi-licence,31730115371,1,,,,,
covenant-underwriters,Covenant Underwriters,covenantunderwriters.com,United States,us-doi-licence,31711137873,1,,,,,
crest,CREST,crestins.com,United States,us-doi-licence,31710210172,1,,,,,
csaa,CSAA,csaa.com,United States,us-doi-licence,33114384643,1,,,,,
cyber-insurance-academy,Cyber Insurance Academy,cyberinsuranceacademy.com,Israel,UNKNOWN,31716451604,1,,,,,
cypress-dental,Cypress Dental,cypressadmin.com,United States,us-doi-licence,31722227006,1,,,,,
empire-life,Empire Life,empire.ca,Canada,ca-corp-number,31656391820,1,,,,,
erie-mutual-insurance,Erie Mutual Insurance,eriemutual.com,Canada,ca-corp-number,31647456540,1,,,,,
fedins-com,fedins.com,fedins.com,United States,us-doi-licence,33108873860,1,,,,,
frankenmuth-insurance,Frankenmuth Insurance,fmins.com,United States,us-doi-licence,31705770406,1,,,,,
fringe-benefit,Fringe Benefit Group,fbg.com,United States,us-doi-licence,31704312125,1,,,,,
gainsco,GAINSCO,gainsco.com,United States,us-doi-licence,31729184814,1,,,,,
goosehead,Goosehead,goosehead.com,United States,us-doi-licence,31718872643,1,,,,,
greater-new-york-insurance,Greater New York Insurance,gny.com,United States,us-doi-licence,31721042491,1,,,,,
grinnell-mutual,Grinnell Mutual,grinnellmutual.com,United States,us-doi-licence,33120933968,1,,,,,
heritage-insurance,Heritage Insurance,heritagepci.com,United States,us-doi-licence,31731667073,1,,,,,
iba-tpa,IBA TPA,ibatpa.com,United States,us-doi-licence,31707782994,1,,,,,
indiana-farm-bureau-insurance,Indiana Farm Bureau Insurance,infarmbureau.com,United States,us-doi-licence,31718466681,1,,,,,
insurance-bureau-of-canada,Insurance Bureau of Canada,ibc.ca,Canada,ca-corp-number,31667936030,1,,,,,
insurance-council-of-australia,Insurance Council of Australia,insurancecouncil.com.au,Australia,UNKNOWN,31717225400,1,,,,,
insurance-hub,Insurance Hub,insurancehub.ae,United Arab Emirates,ae-trade-licence,31126323874,1,,,,,
insurance-nation,Insurance Nation,insurancenation.com,United States,us-doi-licence,31722072650,1,,,,,
insurance-office-of-america,Insurance Office of America,ioausa.com,United States,us-doi-licence,31719648836,1,,,,,
insurance-samadhan,Insurance Samadhan,insurancesamadhan.com,India,in-mca-cin,31725635629,1,,,,,
isc,ISC,iscmga.com,United States,us-doi-licence,31717380869,1,,,,,
ivari,ivari,ivari.ca,Canada,ca-corp-number,31662263472,1,,,,,
kansas-city-life-insurance,Kansas City Life Insurance,kclife.com,United States,us-doi-licence,31718618929,1,,,,,
kent-essex,Kent & Essex,kemutual.com,Canada,ca-corp-number,31658559258,1,,,,,
knight-insurance,Knight Insurance Group,knightinsurance.com,United States,us-doi-licence,31708402817,1,,,,,
lifeley-insurance,Lifeley Insurance,lifeley.com,United States,us-doi-licence,31713961106,1,,,,,
metlife,MetLife,metlife.com,United States,us-doi-licence,31718717596,1,,,,,
metlife-com-tr,MetLife,metlife.com.tr,Turkey,UNKNOWN,31734670223,1,,,,,
miway-insurance,MiWay Insurance,miway.co.za,Norway,UNKNOWN,31730424325,1,,,,,
mountain-west-farm-bureau-mutual-insurance,Mountain West Farm Bureau Mutual Insurance,mwfbi.com,United States,us-doi-licence,31730424327,1,,,,,
msi,MSI,msimga.com,United States,us-doi-licence,31721042492,1,,,,,
munn-insurance,Munn Insurance,munninsurance.com,Canada,ca-corp-number,31683001614,1,,,,,
mwcia-minnesota-workers-compensation-insurers-association,MWCIA - Minnesota Workers Compensation Insurers Association,mwcia.org,United States,us-doi-licence,31715521862,1,,,,,
nadler-insurance,Nadler Insurance,nadlerinsurance.com,United States,us-doi-licence,31717998148,1,,,,,
national-council-on-compensation-insurance,National Council on Compensation Insurance,ncci.com,United States,us-doi-licence,33124462159,1,,,,,
national-safety-and-risk-national-safety-risk-natsr,"National Safety and Risk, Inc. / National Safety & Risk (NATSR)",natsr.com,United States,us-doi-licence,55207379480,1,,,,,
neitclem,NeitClem,neitclem.com,United States,us-doi-licence,31712379269,1,,,,,
nirvana-tech,Nirvana Tech,nirvanatech.com,United States,us-doi-licence,31707782993,1,,,,,
nlc-mutual,NLC Mutual,nlcmutual.com,United States,us-doi-licence,31720266290,1,,,,,
northwestern-mutual,Northwestern Mutual,northwesternmutual.com,United States,us-doi-licence,33126592513,1,,,,,
nsure-com-nsure-insurance-agency,"Nsure.com / Nsure Insurance Agency, Inc.",nsure.com,United States,us-doi-licence,55232764512,1,,,,,
oakbridge,Oakbridge,oakbridgeinsurance.com,United States,us-doi-licence,31721042494,1,,,,,
pekin-insurance,Pekin Insurance,pekininsurance.com,United States,us-doi-licence,33109459626,1,,,,,
penn-mutual,Penn Mutual,pennmutual.com,United States,us-doi-licence,33106154297,1,,,,,
personalumbrella,PersonalUmbrella,personalumbrella.com,United States,us-doi-licence,31704777795,1,,,,,
pib-secure,PIB Secure,pibsecure.com,United Arab Emirates,ae-trade-licence,31210478717,1,,,,,
preferred-mutual,Preferred Mutual,preferredmutual.com,United States,us-doi-licence,31715676560,1,,,,,
progressive,Progressive,progressive.com,United States,us-doi-licence,33104295978,1,,,,,
prudent-brokers,Prudent Brokers,prudentbrokers.com,India,in-mca-cin,31734510603,1,,,,,
psc-insurance-brokers,PSC Insurance Brokers,pscinsurancegroup.com.au,Australia,UNKNOWN,31728567990,1,,,,,
r-e-chaix-associates,R.E. Chaix & Associates,rechaixinsurance.com,United States,us-doi-licence,31734357151,1,,,,,
raheja-qbe,Raheja QBE,rahejaqbe.com,India,in-mca-cin,31729805581,1,,,,,
rci-insurance,RCI Insurance,rci-insurance.com,United States,us-doi-licence,31724708266,1,,,,,
rollo-insurance,Rollo Insurance,rolloinsurance.com,United States,us-doi-licence,31716451602,1,,,,,
safepoint,SafePoint,safepointins.com,United States,us-doi-licence,31730424323,1,,,,,
sif,SIF,idahosif.org,United States,us-doi-licence,31709021860,1,,,,,
slide-insurance,Slide Insurance,slideinsurance.com,United States,us-doi-licence,31732903838,1,,,,,
softlogic-life-insurance,Softlogic Life Insurance PLC,softlogiclife.lk,Sri Lanka,UNKNOWN,31724393730,1,,,,,
sun-coast-general-insurance,Sun Coast General Insurance,suncoastinsurance.com,United States,us-doi-licence,31723931221,1,,,,,
sun-life,Sun Life,sunlife.com,United States,us-doi-licence,31710519334,1,,,,,
the-mutual,The Mutual Group,themutualgroup.com,United States,us-doi-licence,33124770702,1,,,,,
tpl-insurance,TPL Insurance,tplinsurance.com,Pakistan,UNKNOWN,31725789329,1,,,,,
transre,TransRe,transre.com,United States,us-doi-licence,31700177809,1,,,,,
tuscarora-wayne-insurance,Tuscarora Wayne Insurance Company,twmic.com,United States,us-doi-licence,31730424328,1,,,,,
united-auto,United Auto,uaig.net,United States,us-doi-licence,31727180362,1,,,,,
united-insurance,United Insurance,uuinsurance.com,United States,us-doi-licence,31706853490,1,,,,,
velocity-risk,Velocity Risk,velocityrisk.com,United States,us-doi-licence,31706080082,1,,,,,
vermont-mutual-insurance,Vermont Mutual Insurance Group,vermontmutual.com,United States,us-doi-licence,31725789332,1,,,,,
walkerhughes-insurance,WalkerHughes Insurance,walkerhughes.com,United States,us-doi-licence,31719648837,1,,,,,
wangins,Wangins,wangins.com,United States,us-doi-licence,31729338804,1,,,,,
wawanesa-insurance,Wawanesa Insurance,wawanesa.com,Canada,ca-corp-number,31653230643,1,,,,,
we-insure,We Insure,weinsuregroup.com,United States,us-doi-licence,31702918014,1,,,,,
westan-insurance,Westan Insurance Group,westaninsurance.com,United States,us-doi-licence,31710210174,1,,,,,
xperitus,Xperitus,xperitusinsure.com,India,in-mca-cin,31710210175,1,,,,,
ais-auto-insurance-specialists,AIS (Auto Insurance Specialists),aisinsurance.com,United States,us-doi-licence,55213691250,0,,,,,
associated-insurance-and-risk-management-advisors-associated-advisors,Associated Insurance and Risk Management Advisors / Associated Advisors,assocagencies.com,United States,us-doi-licence,55199784363,0,,,,,
baldwin-risk-partners,Baldwin Risk Partners,baldwinriskpartners.com,United States,us-doi-licence,56313356178,0,,,,,
chubb,Chubb,chubb.com,Switzerland,UNKNOWN,54245695568,0,,,,,
cover-desk,Cover Desk,coverdesk.com,United States,us-doi-licence,55232007531,0,,,,,
embrace-pet-insurance,Embrace Pet Insurance,embracepetinsurance.com,United States,us-doi-licence,55210791521,0,,,,,
estrella-insurance,Estrella Insurance,estrellainsurance.com,United States,us-doi-licence,55206443929,0,,,,,
insurezone,"InsureZone, Inc.",insurezone.com,United States,us-doi-licence,55223287362,0,,,,,
majesco,Majesco,majesco.com,United States,us-doi-licence,53587022715,0,,,,,
marsh-mclennan-agency,Marsh & McLennan Agency,marshmma.com,United States,us-doi-licence,56311653976,0,,,,,
orion180,Orion180,orion180.com,United States,us-doi-licence,55209692544,0,,,,,
policybazaar-uae,Policybazaar UAE,policybazaar.ae,United Arab Emirates,ae-trade-licence,55785024275,0,,,,,
specialty-program,Specialty Program Group,specialtyprogramgroup.com,United States,us-doi-licence,55235542588,0,,,,,
swisslife,SwissLife,swisslife.fr,France,UNKNOWN,52499701909,0,,,,,
uais-insurance-services,UAIS Insurance Services,uaisinsurance.com,United States,us-doi-licence,55232465293,0,,,,,
za-tech,ZA Tech,zatech.com,China,UNKNOWN,53183672697,0,,,,,
